Workbook

Sheet Instructies
A1: Waterraket PWS – Meet- en logsheets
A2: Vul per lancering één regel in op het tabblad 'Vluchtlog'. Blauwe kolommen typ je zelf; de hoogte wordt automatisch berekend.
A5: Werkwijze
A6: 1. | B6: Varieer steeds één factor; houd de rest gelijk. Geef elke meetreeks een korte 'Serie-tag' (bv. nozzle-6mm).
A7: 2. | B7: Lanceer minimaal 3–5 keer per instelling en log elke vlucht apart.
A8: 3. | B8: Noteer hoek θ (op het hoogste punt), afstand L en ooghoogte; de kolom 'Hoogte (trig)' rekent het uit.
A9: 4. | B9: Meet ter controle ook de tijd tot het hoogste punt (t_op); de kolom 'Hoogte (tijd)' geeft een tweede schatting.
A10: 5. | B10: Markeer of de vlucht stabiel was en of hij geldig is (geen lek/misser).
A11: 6. | B11: Op tabblad 'Samenvatting' typ je je serie-tags; gemiddelde, spreiding en aantal verschijnen automatisch.
A13: Gebruikte formules
A14: Hoogte (trig) | B14: h = L · tan(θ) + ooghoogte
A15: Hoogte (tijd) | B15: h ≈ ½ · g · t_op² (g = 9,81 m/s²; onderschat door luchtweerstand)
A16: Spreiding | B16: Standaardafwijking over de geldige vluchten van een serie.
A18: Veiligheid (kort)
A19: • | B19: Alleen frisdrank-PET-flessen; begin laag (3–4 bar), niet boven ~7 bar.
A20: • | B20: Minimaal 5–10 m afstand, lanceren via touw, veiligheidsbril, nooit op mensen richten.
A21: • | B21: 3D-geprinte drukdelen eerst vol water achter een afscherming testen.

Sheet Vluchtlog
A1: Vluchtlog
A2: Blauw = zelf invullen · Zwart = automatisch berekend
A4: Vlucht # | B4: Datum | C4: Model | D4: Factor onderzocht | E4: Serie-tag | F4: Vulfractie (%) | G4: Begindruk (bar) | H4: Nozzle Ø (mm) | I4: Extra massa (g) | J4: Vinnen (aantal/maat) | K4: Lanceerhoek (°) | L4: Afstand L (m) | M4: Hoek θ (°) | N4: Ooghoogte (m) | O4: Hoogte trig (m) | P4: Tijd t_op (s) | Q4: Hoogte tijd (m) | R4: Stabiel? | S4: Geldig? | T4: Opmerkingen | U4: h² (hulp)
O5: =IF(AND(L5<>"",M5<>""),L5*TAN(RADIANS(M5))+IF(N5<>"",N5,0),"") | Q5: =IF(P5<>"",0.5*9.81*P5^2,"") | U5: =IF(O5<>"",O5^2,"")
O6: =IF(AND(L6<>"",M6<>""),L6*TAN(RADIANS(M6))+IF(N6<>"",N6,0),"") | Q6: =IF(P6<>"",0.5*9.81*P6^2,"") | U6: =IF(O6<>"",O6^2,"")
O7: =IF(AND(L7<>"",M7<>""),L7*TAN(RADIANS(M7))+IF(N7<>"",N7,0),"") | Q7: =IF(P7<>"",0.5*9.81*P7^2,"") | U7: =IF(O7<>"",O7^2,"")
O8: =IF(AND(L8<>"",M8<>""),L8*TAN(RADIANS(M8))+IF(N8<>"",N8,0),"") | Q8: =IF(P8<>"",0.5*9.81*P8^2,"") | U8: =IF(O8<>"",O8^2,"")
O9: =IF(AND(L9<>"",M9<>""),L9*TAN(RADIANS(M9))+IF(N9<>"",N9,0),"") | Q9: =IF(P9<>"",0.5*9.81*P9^2,"") | U9: =IF(O9<>"",O9^2,"")
O10: =IF(AND(L10<>"",M10<>""),L10*TAN(RADIANS(M10))+IF(N10<>"",N10,0),"") | Q10: =IF(P10<>"",0.5*9.81*P10^2,"") | U10: =IF(O10<>"",O10^2,"")
O11: =IF(AND(L11<>"",M11<>""),L11*TAN(RADIANS(M11))+IF(N11<>"",N11,0),"") | Q11: =IF(P11<>"",0.5*9.81*P11^2,"") | U11: =IF(O11<>"",O11^2,"")
O12: =IF(AND(L12<>"",M12<>""),L12*TAN(RADIANS(M12))+IF(N12<>"",N12,0),"") | Q12: =IF(P12<>"",0.5*9.81*P12^2,"") | U12: =IF(O12<>"",O12^2,"")
O13: =IF(AND(L13<>"",M13<>""),L13*TAN(RADIANS(M13))+IF(N13<>"",N13,0),"") | Q13: =IF(P13<>"",0.5*9.81*P13^2,"") | U13: =IF(O13<>"",O13^2,"")
O14: =IF(AND(L14<>"",M14<>""),L14*TAN(RADIANS(M14))+IF(N14<>"",N14,0),"") | Q14: =IF(P14<>"",0.5*9.81*P14^2,"") | U14: =IF(O14<>"",O14^2,"")
O15: =IF(AND(L15<>"",M15<>""),L15*TAN(RADIANS(M15))+IF(N15<>"",N15,0),"") | Q15: =IF(P15<>"",0.5*9.81*P15^2,"") | U15: =IF(O15<>"",O15^2,"")
O16: =IF(AND(L16<>"",M16<>""),L16*TAN(RADIANS(M16))+IF(N16<>"",N16,0),"") | Q16: =IF(P16<>"",0.5*9.81*P16^2,"") | U16: =IF(O16<>"",O16^2,"")
... O54: =IF(AND(L54<>"",M54<>""),L54*TAN(RADIANS(M54))+IF(N54<>"",N54,0),"") | Q54: =IF(P54<>"",0.5*9.81*P54^2,"") | U54: =IF(O54<>"",O54^2,"")

Sheet Samenvatting
A1: Samenvatting per meetreeks
A2: Typ links de serie-tags die je in de Vluchtlog hebt gebruikt; de rest rekent automatisch (alleen geldige vluchten meetellen kun je doen door foute regels leeg te laten).
A4: Serie-tag | B4: Gemiddelde hoogte (m) | C4: Spreiding SD (m) | D4: Aantal n | E4: Min (m) | F4: Max (m)
B5: =IF(A5="","",IFERROR(SUMIF(Vluchtlog!$E$5:$E$54,A5,Vluchtlog!$O$5:$O$54)/COUNTIFS(Vluchtlog!$E$5:$E$54,A5,Vluchtlog!$O$5:$O$54,"<>"),"")) | C5: =IF(OR(A5="",COUNTIFS(Vluchtlog!$E$5:$E$54,A5,Vluchtlog!$O$5:$O$54,"<>")<2),"",SQRT((SUMIF(Vluchtlog!$E$5:$E$54,A5,Vluchtlog!$U$5:$U$54)-SUMIF(Vluchtlog!$E$5:$E$54,A5,Vluchtlog!$O$5:$O$54)^2/COUNTIFS(Vluchtlog!$E$5:$E$54,A5,Vluchtlog!$O$5:$O$54,"<>"))/(COUNTIFS(Vluchtlog!$E$5:$E$54,A5,Vluchtlog!$O$5:$O$54,"<>")-1))) | D5: =IF(A5="","",COUNTIFS(Vluchtlog!$E$5:$E$54,A5,Vluchtlog!$O$5:$O$54,"<>")) | E5: =IF(A5="","",IFERROR(minifs(Vluchtlog!$O$5:$O$54,Vluchtlog!$E$5:$E$54,A5),"")) | F5: =IF(A5="","",IFERROR(maxifs(Vluchtlog!$O$5:$O$54,Vluchtlog!$E$5:$E$54,A5),""))
B6: =IF(A6="","",IFERROR(SUMIF(Vluchtlog!$E$5:$E$54,A6,Vluchtlog!$O$5:$O$54)/COUNTIFS(Vluchtlog!$E$5:$E$54,A6,Vluchtlog!$O$5:$O$54,"<>"),"")) | C6: =IF(OR(A6="",COUNTIFS(Vluchtlog!$E$5:$E$54,A6,Vluchtlog!$O$5:$O$54,"<>")<2),"",SQRT((SUMIF(Vluchtlog!$E$5:$E$54,A6,Vluchtlog!$U$5:$U$54)-SUMIF(Vluchtlog!$E$5:$E$54,A6,Vluchtlog!$O$5:$O$54)^2/COUNTIFS(Vluchtlog!$E$5:$E$54,A6,Vluchtlog!$O$5:$O$54,"<>"))/(COUNTIFS(Vluchtlog!$E$5:$E$54,A6,Vluchtlog!$O$5:$O$54,"<>")-1))) | D6: =IF(A6="","",COUNTIFS(Vluchtlog!$E$5:$E$54,A6,Vluchtlog!$O$5:$O$54,"<>")) | E6: =IF(A6="","",IFERROR(minifs(Vluchtlog!$O$5:$O$54,Vluchtlog!$E$5:$E$54,A6),"")) | F6: =IF(A6="","",IFERROR(maxifs(Vluchtlog!$O$5:$O$54,Vluchtlog!$E$5:$E$54,A6),""))
B7: =IF(A7="","",IFERROR(SUMIF(Vluchtlog!$E$5:$E$54,A7,Vluchtlog!$O$5:$O$54)/COUNTIFS(Vluchtlog!$E$5:$E$54,A7,Vluchtlog!$O$5:$O$54,"<>"),"")) | C7: =IF(OR(A7="",COUNTIFS(Vluchtlog!$E$5:$E$54,A7,Vluchtlog!$O$5:$O$54,"<>")<2),"",SQRT((SUMIF(Vluchtlog!$E$5:$E$54,A7,Vluchtlog!$U$5:$U$54)-SUMIF(Vluchtlog!$E$5:$E$54,A7,Vluchtlog!$O$5:$O$54)^2/COUNTIFS(Vluchtlog!$E$5:$E$54,A7,Vluchtlog!$O$5:$O$54,"<>"))/(COUNTIFS(Vluchtlog!$E$5:$E$54,A7,Vluchtlog!$O$5:$O$54,"<>")-1))) | D7: =IF(A7="","",COUNTIFS(Vluchtlog!$E$5:$E$54,A7,Vluchtlog!$O$5:$O$54,"<>")) | E7: =IF(A7="","",IFERROR(minifs(Vluchtlog!$O$5:$O$54,Vluchtlog!$E$5:$E$54,A7),"")) | F7: =IF(A7="","",IFERROR(maxifs(Vluchtlog!$O$5:$O$54,Vluchtlog!$E$5:$E$54,A7),""))
B8: =IF(A8="","",IFERROR(SUMIF(Vluchtlog!$E$5:$E$54,A8,Vluchtlog!$O$5:$O$54)/COUNTIFS(Vluchtlog!$E$5:$E$54,A8,Vluchtlog!$O$5:$O$54,"<>"),"")) | C8: =IF(OR(A8="",COUNTIFS(Vluchtlog!$E$5:$E$54,A8,Vluchtlog!$O$5:$O$54,"<>")<2),"",SQRT((SUMIF(Vluchtlog!$E$5:$E$54,A8,Vluchtlog!$U$5:$U$54)-SUMIF(Vluchtlog!$E$5:$E$54,A8,Vluchtlog!$O$5:$O$54)^2/COUNTIFS(Vluchtlog!$E$5:$E$54,A8,Vluchtlog!$O$5:$O$54,"<>"))/(COUNTIFS(Vluchtlog!$E$5:$E$54,A8,Vluchtlog!$O$5:$O$54,"<>")-1))) | D8: =IF(A8="","",COUNTIFS(Vluchtlog!$E$5:$E$54,A8,Vluchtlog!$O$5:$O$54,"<>")) | E8: =IF(A8="","",IFERROR(minifs(Vluchtlog!$O$5:$O$54,Vluchtlog!$E$5:$E$54,A8),"")) | F8: =IF(A8="","",IFERROR(maxifs(Vluchtlog!$O$5:$O$54,Vluchtlog!$E$5:$E$54,A8),""))
B9: =IF(A9="","",IFERROR(SUMIF(Vluchtlog!$E$5:$E$54,A9,Vluchtlog!$O$5:$O$54)/COUNTIFS(Vluchtlog!$E$5:$E$54,A9,Vluchtlog!$O$5:$O$54,"<>"),"")) | C9: =IF(OR(A9="",COUNTIFS(Vluchtlog!$E$5:$E$54,A9,Vluchtlog!$O$5:$O$54,"<>")<2),"",SQRT((SUMIF(Vluchtlog!$E$5:$E$54,A9,Vluchtlog!$U$5:$U$54)-SUMIF(Vluchtlog!$E$5:$E$54,A9,Vluchtlog!$O$5:$O$54)^2/COUNTIFS(Vluchtlog!$E$5:$E$54,A9,Vluchtlog!$O$5:$O$54,"<>"))/(COUNTIFS(Vluchtlog!$E$5:$E$54,A9,Vluchtlog!$O$5:$O$54,"<>")-1))) | D9: =IF(A9="","",COUNTIFS(Vluchtlog!$E$5:$E$54,A9,Vluchtlog!$O$5:$O$54,"<>")) | E9: =IF(A9="","",IFERROR(minifs(Vluchtlog!$O$5:$O$54,Vluchtlog!$E$5:$E$54,A9),"")) | F9: =IF(A9="","",IFERROR(maxifs(Vluchtlog!$O$5:$O$54,Vluchtlog!$E$5:$E$54,A9),""))
B10: =IF(A10="","",IFERROR(SUMIF(Vluchtlog!$E$5:$E$54,A10,Vluchtlog!$O$5:$O$54)/COUNTIFS(Vluchtlog!$E$5:$E$54,A10,Vluchtlog!$O$5:$O$54,"<>"),"")) | C10: =IF(OR(A10="",COUNTIFS(Vluchtlog!$E$5:$E$54,A10,Vluchtlog!$O$5:$O$54,"<>")<2),"",SQRT((SUMIF(Vluchtlog!$E$5:$E$54,A10,Vluchtlog!$U$5:$U$54)-SUMIF(Vluchtlog!$E$5:$E$54,A10,Vluchtlog!$O$5:$O$54)^2/COUNTIFS(Vluchtlog!$E$5:$E$54,A10,Vluchtlog!$O$5:$O$54,"<>"))/(COUNTIFS(Vluchtlog!$E$5:$E$54,A10,Vluchtlog!$O$5:$O$54,"<>")-1))) | D10: =IF(A10="","",COUNTIFS(Vluchtlog!$E$5:$E$54,A10,Vluchtlog!$O$5:$O$54,"<>")) | E10: =IF(A10="","",IFERROR(minifs(Vluchtlog!$O$5:$O$54,Vluchtlog!$E$5:$E$54,A10),"")) | F10: =IF(A10="","",IFERROR(maxifs(Vluchtlog!$O$5:$O$54,Vluchtlog!$E$5:$E$54,A10),""))
B11: =IF(A11="","",IFERROR(SUMIF(Vluchtlog!$E$5:$E$54,A11,Vluchtlog!$O$5:$O$54)/COUNTIFS(Vluchtlog!$E$5:$E$54,A11,Vluchtlog!$O$5:$O$54,"<>"),"")) | C11: =IF(OR(A11="",COUNTIFS(Vluchtlog!$E$5:$E$54,A11,Vluchtlog!$O$5:$O$54,"<>")<2),"",SQRT((SUMIF(Vluchtlog!$E$5:$E$54,A11,Vluchtlog!$U$5:$U$54)-SUMIF(Vluchtlog!$E$5:$E$54,A11,Vluchtlog!$O$5:$O$54)^2/COUNTIFS(Vluchtlog!$E$5:$E$54,A11,Vluchtlog!$O$5:$O$54,"<>"))/(COUNTIFS(Vluchtlog!$E$5:$E$54,A11,Vluchtlog!$O$5:$O$54,"<>")-1))) | D11: =IF(A11="","",COUNTIFS(Vluchtlog!$E$5:$E$54,A11,Vluchtlog!$O$5:$O$54,"<>")) | E11: =IF(A11="","",IFERROR(minifs(Vluchtlog!$O$5:$O$54,Vluchtlog!$E$5:$E$54,A11),"")) | F11: =IF(A11="","",IFERROR(maxifs(Vluchtlog!$O$5:$O$54,Vluchtlog!$E$5:$E$54,A11),""))
B12: =IF(A12="","",IFERROR(SUMIF(Vluchtlog!$E$5:$E$54,A12,Vluchtlog!$O$5:$O$54)/COUNTIFS(Vluchtlog!$E$5:$E$54,A12,Vluchtlog!$O$5:$O$54,"<>"),"")) | C12: =IF(OR(A12="",COUNTIFS(Vluchtlog!$E$5:$E$54,A12,Vluchtlog!$O$5:$O$54,"<>")<2),"",SQRT((SUMIF(Vluchtlog!$E$5:$E$54,A12,Vluchtlog!$U$5:$U$54)-SUMIF(Vluchtlog!$E$5:$E$54,A12,Vluchtlog!$O$5:$O$54)^2/COUNTIFS(Vluchtlog!$E$5:$E$54,A12,Vluchtlog!$O$5:$O$54,"<>"))/(COUNTIFS(Vluchtlog!$E$5:$E$54,A12,Vluchtlog!$O$5:$O$54,"<>")-1))) | D12: =IF(A12="","",COUNTIFS(Vluchtlog!$E$5:$E$54,A12,Vluchtlog!$O$5:$O$54,"<>")) | E12: =IF(A12="","",IFERROR(minifs(Vluchtlog!$O$5:$O$54,Vluchtlog!$E$5:$E$54,A12),"")) | F12: =IF(A12="","",IFERROR(maxifs(Vluchtlog!$O$5:$O$54,Vluchtlog!$E$5:$E$54,A12),""))
B13: =IF(A13="","",IFERROR(SUMIF(Vluchtlog!$E$5:$E$54,A13,Vluchtlog!$O$5:$O$54)/COUNTIFS(Vluchtlog!$E$5:$E$54,A13,Vluchtlog!$O$5:$O$54,"<>"),"")) | C13: =IF(OR(A13="",COUNTIFS(Vluchtlog!$E$5:$E$54,A13,Vluchtlog!$O$5:$O$54,"<>")<2),"",SQRT((SUMIF(Vluchtlog!$E$5:$E$54,A13,Vluchtlog!$U$5:$U$54)-SUMIF(Vluchtlog!$E$5:$E$54,A13,Vluchtlog!$O$5:$O$54)^2/COUNTIFS(Vluchtlog!$E$5:$E$54,A13,Vluchtlog!$O$5:$O$54,"<>"))/(COUNTIFS(Vluchtlog!$E$5:$E$54,A13,Vluchtlog!$O$5:$O$54,"<>")-1))) | D13: =IF(A13="","",COUNTIFS(Vluchtlog!$E$5:$E$54,A13,Vluchtlog!$O$5:$O$54,"<>")) | E13: =IF(A13="","",IFERROR(minifs(Vluchtlog!$O$5:$O$54,Vluchtlog!$E$5:$E$54,A13),"")) | F13: =IF(A13="","",IFERROR(maxifs(Vluchtlog!$O$5:$O$54,Vluchtlog!$E$5:$E$54,A13),""))
B14: =IF(A14="","",IFERROR(SUMIF(Vluchtlog!$E$5:$E$54,A14,Vluchtlog!$O$5:$O$54)/COUNTIFS(Vluchtlog!$E$5:$E$54,A14,Vluchtlog!$O$5:$O$54,"<>"),"")) | C14: =IF(OR(A14="",COUNTIFS(Vluchtlog!$E$5:$E$54,A14,Vluchtlog!$O$5:$O$54,"<>")<2),"",SQRT((SUMIF(Vluchtlog!$E$5:$E$54,A14,Vluchtlog!$U$5:$U$54)-SUMIF(Vluchtlog!$E$5:$E$54,A14,Vluchtlog!$O$5:$O$54)^2/COUNTIFS(Vluchtlog!$E$5:$E$54,A14,Vluchtlog!$O$5:$O$54,"<>"))/(COUNTIFS(Vluchtlog!$E$5:$E$54,A14,Vluchtlog!$O$5:$O$54,"<>")-1))) | D14: =IF(A14="","",COUNTIFS(Vluchtlog!$E$5:$E$54,A14,Vluchtlog!$O$5:$O$54,"<>")) | E14: =IF(A14="","",IFERROR(minifs(Vluchtlog!$O$5:$O$54,Vluchtlog!$E$5:$E$54,A14),"")) | F14: =IF(A14="","",IFERROR(maxifs(Vluchtlog!$O$5:$O$54,Vluchtlog!$E$5:$E$54,A14),""))
B15: =IF(A15="","",IFERROR(SUMIF(Vluchtlog!$E$5:$E$54,A15,Vluchtlog!$O$5:$O$54)/COUNTIFS(Vluchtlog!$E$5:$E$54,A15,Vluchtlog!$O$5:$O$54,"<>"),"")) | C15: =IF(OR(A15="",COUNTIFS(Vluchtlog!$E$5:$E$54,A15,Vluchtlog!$O$5:$O$54,"<>")<2),"",SQRT((SUMIF(Vluchtlog!$E$5:$E$54,A15,Vluchtlog!$U$5:$U$54)-SUMIF(Vluchtlog!$E$5:$E$54,A15,Vluchtlog!$O$5:$O$54)^2/COUNTIFS(Vluchtlog!$E$5:$E$54,A15,Vluchtlog!$O$5:$O$54,"<>"))/(COUNTIFS(Vluchtlog!$E$5:$E$54,A15,Vluchtlog!$O$5:$O$54,"<>")-1))) | D15: =IF(A15="","",COUNTIFS(Vluchtlog!$E$5:$E$54,A15,Vluchtlog!$O$5:$O$54,"<>")) | E15: =IF(A15="","",IFERROR(minifs(Vluchtlog!$O$5:$O$54,Vluchtlog!$E$5:$E$54,A15),"")) | F15: =IF(A15="","",IFERROR(maxifs(Vluchtlog!$O$5:$O$54,Vluchtlog!$E$5:$E$54,A15),""))
B16: =IF(A16="","",IFERROR(SUMIF(Vluchtlog!$E$5:$E$54,A16,Vluchtlog!$O$5:$O$54)/COUNTIFS(Vluchtlog!$E$5:$E$54,A16,Vluchtlog!$O$5:$O$54,"<>"),"")) | C16: =IF(OR(A16="",COUNTIFS(Vluchtlog!$E$5:$E$54,A16,Vluchtlog!$O$5:$O$54,"<>")<2),"",SQRT((SUMIF(Vluchtlog!$E$5:$E$54,A16,Vluchtlog!$U$5:$U$54)-SUMIF(Vluchtlog!$E$5:$E$54,A16,Vluchtlog!$O$5:$O$54)^2/COUNTIFS(Vluchtlog!$E$5:$E$54,A16,Vluchtlog!$O$5:$O$54,"<>"))/(COUNTIFS(Vluchtlog!$E$5:$E$54,A16,Vluchtlog!$O$5:$O$54,"<>")-1))) | D16: =IF(A16="","",COUNTIFS(Vluchtlog!$E$5:$E$54,A16,Vluchtlog!$O$5:$O$54,"<>")) | E16: =IF(A16="","",IFERROR(minifs(Vluchtlog!$O$5:$O$54,Vluchtlog!$E$5:$E$54,A16),"")) | F16: =IF(A16="","",IFERROR(maxifs(Vluchtlog!$O$5:$O$54,Vluchtlog!$E$5:$E$54,A16),""))
... B24: =IF(A24="","",IFERROR(SUMIF(Vluchtlog!$E$5:$E$54,A24,Vluchtlog!$O$5:$O$54)/COUNTIFS(Vluchtlog!$E$5:$E$54,A24,Vluchtlog!$O$5:$O$54,"<>"),"")) | C24: =IF(OR(A24="",COUNTIFS(Vluchtlog!$E$5:$E$54,A24,Vluchtlog!$O$5:$O$54,"<>")<2),"",SQRT((SUMIF(Vluchtlog!$E$5:$E$54,A24,Vluchtlog!$U$5:$U$54)-SUMIF(Vluchtlog!$E$5:$E$54,A24,Vluchtlog!$O$5:$O$54)^2/COUNTIFS(Vluchtlog!$E$5:$E$54,A24,Vluchtlog!$O$5:$O$54,"<>"))/(COUNTIFS(Vluchtlog!$E$5:$E$54,A24,Vluchtlog!$O$5:$O$54,"<>")-1))) | D24: =IF(A24="","",COUNTIFS(Vluchtlog!$E$5:$E$54,A24,Vluchtlog!$O$5:$O$54,"<>")) | E24: =IF(A24="","",IFERROR(minifs(Vluchtlog!$O$5:$O$54,Vluchtlog!$E$5:$E$54,A24),"")) | F24: =IF(A24="","",IFERROR(maxifs(Vluchtlog!$O$5:$O$54,Vluchtlog!$E$5:$E$54,A24),""))
